ori,2019,2020,2021,2019_pop,2020_pop,2021_pop,2019pc,2020pc,2021pc,perc_21_19,perc_pc_21_19
AR0040100,398.0,438.0,467.0,53434,57575.0,60329,0.007448441067485122,0.007607468519322622,0.007740887467055645,1.1733668341708543,1.0392627661172145
AR0040200,852.0,740.0,699.0,69168,70194.0,72122,0.012317834836918807,0.010542211585035759,0.00969191092870414,0.8204225352112676,0.7868193604655023
AR0160100,1577.0,1762.0,1678.0,78261,79702.0,81208,0.02015052197135227,0.022107349878296656,0.020662988868091814,1.0640456563094483,1.025431941538195
AR0230100,1243.0,1240.0,1308.0,67336,68599.0,69018,0.018459664963763812,0.01807606524876456,0.018951577849256714,1.0522928399034595,1.026647985565205
AR0260000,518.0,472.0,433.0,61975,60870.0,60542,0.00835820895522388,0.007754230326926236,0.007152059727131578,0.8359073359073359,0.8556928602103853
AR0600200,8373.0,8557.0,9219.0,198382,197688.0,198260,0.04220645018197215,0.0432853789810206,0.04649954605064057,1.1010390541024722,1.1017165824218533
AR0600300,1027.0,1308.0,1332.0,66604,66303.0,66677,0.015419494324665186,0.01972761413510701,0.01997690357994511,1.296981499513145,1.2955615248672483
AR0630000,402.0,420.0,333.0,52711,53142.0,52870,0.007626491624139174,0.007903353279891612,0.006298467940230755,0.8283582089552238,0.8258670238743863
AR0660100,2173.0,2596.0,2581.0,88041,88071.0,87912,0.02468168239797367,0.029476218051344937,0.02935890435890436,1.1877588587206627,1.1895017481188672
AR0720100,1347.0,1508.0,1530.0,88500,89252.0,91309,0.015220338983050847,0.016895979922018554,0.016756289084318084,1.135857461024499,1.1009143162302528
AZ0071100,1423.0,1725.0,1855.0,253619,259629.0,272941,0.005610778372282833,0.0066440959985209665,0.006796340601082285,1.303583977512298,1.211300848141875
AZ0110100,412.0,802.0,786.0,58366,59822.0,62566,0.007058904156529486,0.013406439102671258,0.012562733753156667,1.9077669902912622,1.7797002869823837
AZ0140000,570.0,591.0,632.0,61429,62278.0,54510,0.009279005030197464,0.009489707440829828,0.011594202898550725,1.1087719298245613,1.2495092804474954
AZ0140500,866.0,868.0,795.0,98769,99096.0,100710,0.00876793325841104,0.008759183014450634,0.007893952934167411,0.918013856812933,0.9003208283542506
CO0010000,895.0,863.0,984.0,100624,100575.0,93869,0.00889449833041819,0.008580661198110863,0.010482693967124397,1.0994413407821229,1.1785593270926542
CO0010100,5520.0,5754.0,6273.0,380600,385720.0,393897,0.014503415659485024,0.014917556776936639,0.015925483057753678,1.1364130434782609,1.0980505166270016
CO0010300,498.0,468.0,655.0,60198,62164.0,60845,0.008272700089703976,0.007528473071230938,0.010765058755855041,1.3152610441767068,1.3012751144276342
CO0010400,1461.0,1466.0,1638.0,142168,144156.0,151324,0.010276574193911429,0.010169538555453814,0.010824456133858476,1.1211498973305956,1.0533136753171743
CO0010500,748.0,654.0,1035.0,114392,113941.0,115942,0.0065389188055108745,0.0057398127100868,0.008926877231719308,1.3836898395721926,1.3651916314048598
CO0030000,418.0,582.0,523.0,98905,97489.0,89396,0.004226277741266872,0.0059699042968950344,0.005850373618506421,1.2511961722488039,1.3842851740152575
CO0031100,485.0,426.0,505.0,112129,112104.0,111199,0.004325375237449723,0.0038000428173838577,0.00454140774647254,1.041237113402062,1.0499453798025142
CO0070000,236.0,226.0,271.0,58601,57217.0,56230,0.00402723503011894,0.003949875037139312,0.004819491374711008,1.1483050847457628,1.196724635802711
CO0070100,826.0,886.0,878.0,108519,106598.0,108698,0.007611570324090712,0.008311600592881668,0.008077425527608604,1.062953995157385,1.061203560327552
CO0070400,916.0,975.0,1024.0,97928,98545.0,99714,0.009353810963156605,0.009893957075447764,0.010269370399342118,1.1179039301310043,1.0978809000728984
CO0180000,717.0,779.0,877.0,207458,210945.0,213896,0.003456121238997773,0.0036929057337220603,0.004100123424467966,1.2231520223152021,1.1863366881356698
CO0180100,263.0,277.0,253.0,67208,71150.0,73221,0.0039132246161171285,0.003893183415319747,0.003455292880457792,0.9619771863117871,0.8829784179080126
CO0180500,186.0,182.0,238.0,57050,59245.0,60178,0.0032602979842243644,0.0030719891974006247,0.003954933696699791,1.2795698924731183,1.213058964498511
CO0210000,993.0,1002.0,1165.0,193731,192152.0,190502,0.005125663936076312,0.005214621757775094,0.006115421360405665,1.1732124874118832,1.193098384262588
CO0210100,4074.0,4392.0,4234.0,479648,485083.0,488747,0.00849372873440523,0.009054120635025345,0.00866296877525591,1.039273441335297,1.0199252938424024
CO0300000,548.0,816.0,1213.0,199152,199169.0,193451,0.0027516670683698885,0.004097023131109761,0.006270321683527095,2.2135036496350367,2.2787355910908538
CO0300100,591.0,593.0,608.0,122312,122983.0,123548,0.004831905291385964,0.004821804639665645,0.0049211642438566384,1.0287648054145515,1.0184728274020187
CO0300400,217.0,2109.0,2129.0,158645,159719.0,158977,0.0013678338428566926,0.013204440298273843,0.013391874296281851,9.811059907834101,9.790570957297854
CO0350000,366.0,335.0,412.0,84386,85371.0,86763,0.0043372123337994456,0.003924049150179803,0.0047485679379458984,1.1256830601092895,1.0948433169713185
CO0350300,1018.0,896.0,1178.0,170889,173274.0,170744,0.005957083252871747,0.00517100084259612,0.006899217542051258,1.157170923379175,1.158153621359133
CO0350400,563.0,480.0,531.0,78856,80302.0,85349,0.007139596226032261,0.005977435182187243,0.006221514018910591,0.9431616341030196,0.8714097859240028
CO0390000,575.0,609.0,634.0,72050,72440.0,71975,0.007980569049271339,0.008406957482054113,0.008808614102118792,1.102608695652174,1.1037576453176678
CO0390100,709.0,843.0,915.0,63949,64149.0,63928,0.011086959921187196,0.013141280456437357,0.01431297709923664,1.2905500705218618,1.2909740091947588
CO0510000,188.0,150.0,289.0,55466,55372.0,55231,0.0033894638156708613,0.0027089503720291843,0.005232568666147634,1.5372340425531914,1.543774753385876
CO0510100,1151.0,1467.0,1575.0,112381,113002.0,113371,0.010241944812735248,0.012982071113785597,0.01389244162969366,1.368375325803649,1.3564261362177266
CO0620000,411.0,484.0,420.0,49530,48704.0,51700,0.008298001211387037,0.009937582128777924,0.008123791102514507,1.0218978102189782,0.979005774470909
CO0620200,1022.0,1145.0,1162.0,109255,110505.0,110660,0.009354262962793465,0.010361522103072259,0.010500632568227001,1.1369863013698631,1.1225505002364393
CO0640100,244.0,244.0,239.0,70798,71795.0,73077,0.0034464250402553745,0.003398565359704715,0.003270522873133818,0.9795081967213115,0.948960976934951
CODPD0000,8921.0,8989.0,9147.0,728941,737709.0,740209,0.012238301865308715,0.012185021465103448,0.01235732070266641,1.0253334827934089,1.009725110449765
CT0001500,2562.0,1995.0,1820.0,144908,144350.0,143394,0.017680183288707317,0.013820574991340491,0.012692302327851932,0.7103825136612022,0.717882960860409
CT0001700,346.0,341.0,322.0,59977,59886.0,59659,0.0057688780699268055,0.00569415222255619,0.005397341557853802,0.930635838150289,0.935596400622536
CT0003400,695.0,601.0,729.0,85167,85080.0,84631,0.00816043772822807,0.007063939821344616,0.00861386489584195,1.0489208633093525,1.0555640742218293
CT0005100,124.0,117.0,174.0,62239,62311.0,62473,0.001992319928019409,0.001877678098570076,0.0027852032077857634,1.403225806451613,1.397969858462727
CT0005700,41.0,38.0,42.0,62905,63012.0,62917,0.0006517764883554566,0.0006030597346537167,0.0006675461322059221,1.024390243902439,1.0241948645466714
CT0006200,249.0,258.0,383.0,60855,60440.0,60165,0.004091693369484841,0.004268696227663799,0.006365827308235685,1.538152610441767,1.5557928547898903
CT0009300,3890.0,3474.0,3559.0,130494,130299.0,130903,0.02980979968427667,0.026661754886837197,0.027188070556060595,0.9149100257069409,0.9120514342268821
CT0010300,775.0,705.0,688.0,89440,89140.0,88930,0.008665026833631484,0.007908907336773614,0.007736421904868998,0.8877419354838709,0.8928330002212687
CT0013500,1138.0,1191.0,1314.0,130678,130425.0,132292,0.008708428350602244,0.009131684876365728,0.009932573398240257,1.1546572934973638,1.1405701463402813
CT0013800,251.0,219.0,245.0,52034,51895.0,51683,0.004823769074066956,0.0042200597360053955,0.004740436894143142,0.9760956175298805,0.9827246747005748
CT0015100,1515.0,1506.0,1896.0,107812,107263.0,106480,0.01405223908284792,0.014040256192722561,0.017806160781367392,1.2514851485148515,1.267140466112727
CT0015500,169.0,131.0,148.0,62875,62911.0,62809,0.002687872763419483,0.0020823067508066954,0.002356350204588514,0.8757396449704142,0.8766598764112594
CT0015600,420.0,417.0,408.0,54794,54516.0,54248,0.007665072818191773,0.0076491305304864626,0.0075210145996165755,0.9714285714285714,0.9812058904080729
CTCSP0000,1155.0,1009.0,1023.0,488454,486773.0,543228,0.002364603422226044,0.0020728347710329046,0.0018831871700280545,0.8857142857142857,0.7964071912977344
DE0020300,2916.0,2683.0,2578.0,418534,422025.0,425296,0.006967175904466542,0.006357443279426574,0.006061660584628118,0.8840877914951989,0.8700312246662362
DE0020600,2069.0,1818.0,1887.0,70624,70100.0,70331,0.02929599003171726,0.02593437945791726,0.026830273990132374,0.9120347994200096,0.9158343500624015
DE301SP00,974.0,894.0,851.0,108712,111326.0,113593,0.00895945249834425,0.00803046907281318,0.007491658817004569,0.8737166324435318,0.8361737303020541
DE303SP00,2067.0,2034.0,1912.0,177359,183155.0,189948,0.01165432822692956,0.011105347929349458,0.010065912776128203,0.9250120948234156,0.8637059622938181
GA0380000,780.0,725.0,764.0,99300,99880.0,100674,0.00785498489425982,0.0072587104525430515,0.0075888511432941974,0.9794871794871794,0.9661191263193766
GA0605600,465.0,583.0,729.0,110760,111219.0,111533,0.004198266522210184,0.005241910105287765,0.0065361821165036355,1.5677419354838709,1.5568764112342854
GA0690000,693.0,826.0,960.0,147178,146774.0,147037,0.004708584163393986,0.0056276997288348075,0.006528968898984609,1.3852813852813852,1.3866097902088843
GA1070000,93.0,1022.0,1169.0,92706,94745.0,96133,0.001003171315772442,0.01078684891023273,0.012160236339238347,12.56989247311828,12.121794301778818
GA1100000,1129.0,1968.0,2075.0,148429,152714.0,157159,0.007606330299335036,0.01288683421297327,0.013203189126935142,1.837909654561559,1.7358159069281276
HI0020000,8515.0,7676.0,8657.0,974902,966438.0,985138,0.00873421123353937,0.007942568483441255,0.00878760133098104,1.0166764533176746,1.006112755464014
IA0070300,790.0,923.0,1020.0,67723,67200.0,67174,0.011665165453391019,0.013735119047619048,0.01518444636317623,1.2911392405063291,1.3016914696878277
IA0310100,830.0,1073.0,1065.0,57973,57904.0,57790,0.014317009642419748,0.018530671456203372,0.018428793908980792,1.283132530120482,1.2871957461269197
IA0520200,650.0,652.0,945.0,77390,75964.0,77522,0.008399017960976871,0.008583013006160814,0.012190087975026444,1.4538461538461538,1.4513706282881484
IA0570100,1285.0,1392.0,1951.0,134007,134330.0,134763,0.00958905131821472,0.010362540013399837,0.014477267499239405,1.5182879377431906,1.509770572584105
IA0770000,589.0,501.0,555.0,52254,55177.0,59719,0.011271864354881924,0.009079870235786651,0.009293524673889383,0.9422750424448217,0.8244886898292288
IA0770100,537.0,572.0,557.0,68238,70301.0,73109,0.007869515519212169,0.008136441871381631,0.007618761028054002,1.037243947858473,0.9681359684028845
IA0770300,4779.0,4511.0,4253.0,218384,215290.0,213060,0.02188347131657997,0.020953132983417715,0.019961513188773115,0.889935132872986,0.912173068888267
IA0780100,910.0,869.0,768.0,62427,62144.0,62202,0.014577025966328672,0.0139836508753862,0.012346869875566702,0.843956043956044,0.84700884145275
IA0820200,1758.0,1795.0,1809.0,102392,101806.0,102014,0.017169310102351745,0.01763157377757696,0.01773286019565942,1.02901023890785,1.0328231064584523
IA0850100,378.0,340.0,310.0,68237,67109.0,67886,0.005539516684496681,0.0050663845385864785,0.004566479097310196,0.8201058201058201,0.8243461221247509
IA0970100,1233.0,1386.0,1783.0,82339,82628.0,82750,0.014974677856179938,0.01677397492375466,0.021546827794561935,1.446066504460665,1.4388842285291445
ID0010000,636.0,636.0,759.0,128136,133676.0,147581,0.004963476306424424,0.004757772524611748,0.0051429384541370506,1.1933962264150944,1.0361565436467062
ID0010100,2026.0,2048.0,2024.0,231314,231223.0,231902,0.008758657063558627,0.008857250360042037,0.008727824684565032,0.9990128331688055,0.996479782371903
ID0010300,670.0,669.0,709.0,111196,119203.0,126744,0.006025396596999892,0.005612274858854223,0.005593953165435839,1.0582089552238807,0.9283958450504531
ID0030200,711.0,653.0,645.0,56514,56900.0,57306,0.012580953392079838,0.011476274165202109,0.011255365930269082,0.9071729957805907,0.8946353729721898
ID0100000,487.0,493.0,557.0,56913,58217.0,62285,0.008556920211550963,0.008468316814676125,0.008942763105081481,1.1437371663244353,1.0450913277197174
ID0100200,492.0,565.0,566.0,62088,63457.0,64792,0.007924236567452649,0.008903667050128433,0.008735646376095814,1.1504065040650406,1.10239595975414
ID0140000,336.0,320.0,234.0,60676,62295.0,67118,0.0055376095985233045,0.005136848864274821,0.003486397091689264,0.6964285714285714,0.6295852081408861
ID0140200,782.0,825.0,811.0,98208,101411.0,105619,0.007962691430433365,0.008135212156472178,0.007678542686448461,1.037084398976982,0.9643149874050262
ID0280000,454.0,446.0,510.0,65850,67456.0,71492,0.006894457099468489,0.006611717267552182,0.007133665305208974,1.1233480176211454,1.0346957276387907
ID0280100,564.0,616.0,593.0,52256,53405.0,54358,0.010793018983466013,0.01153450051493306,0.01090915780565878,1.051418439716312,1.0107605501640164
ID0420200,780.0,812.0,785.0,50463,50872.0,52158,0.015456869389453658,0.015961629186979086,0.015050423712565666,1.0064102564102564,0.9737045279579504
IL1010400,4334.0,4202.0,4279.0,145719,144795.0,144027,0.029742175008063466,0.029020339100107047,0.02970970720767634,0.9873096446700508,0.9989083582361302
IN0530100,800.0,1046.0,1157.0,85542,86347.0,86118,0.009352131116878258,0.012113912469454643,0.01343505422791983,1.44625,1.4365767609558977
IN0710000,514.0,601.0,630.0,112398,109965.0,110913,0.004573035107386252,0.005465375346701223,0.005680127667631387,1.2256809338521402,1.2420914194288573
IN0840100,1364.0,1559.0,1621.0,60749,60604.0,60372,0.022453044494559583,0.025724374628737376,0.02685019545484662,1.18841642228739,1.1958376273361269
INIPD0000,7249.0,16228.0,16756.0,883699,890672.0,895826,0.008203019353875018,0.01821995077873785,0.018704525209136597,2.311491240171058,2.280200058323741
KS0460500,870.0,1432.0,1266.0,141371,142228.0,143307,0.006154020272898968,0.010068340973647946,0.008834181163516088,1.4551724137931035,1.4355138221464745
KS0460900,450.0,518.0,589.0,66300,66208.0,66710,0.006787330316742082,0.007823827936201063,0.008829260980362763,1.308888888888889,1.3008444511067805
KS0461000,378.0,379.0,371.0,56240,56508.0,57012,0.006721194879089616,0.006707014935938275,0.006507401950466569,0.9814814814814815,0.9681912319953434
KS0810000,899.0,858.0,843.0,73856,74392.0,73750,0.012172335355285962,0.011533498225615658,0.011430508474576271,0.9377085650723026,0.9390563224675251
KS0890000,359.0,345.0,285.0,49046,47565.0,50092,0.00731965909554296,0.007253232418795333,0.005689531262477042,0.7938718662952646,0.7772945690792451
KY0080000,609.0,541.0,541.0,99782,101711.0,103832,0.006103305205347658,0.005318992046091376,0.005210339779644041,0.8883415435139573,0.8536915006444034
KY0300100,934.0,920.0,893.0,60107,60430.0,60636,0.015538955529306071,0.015224226377627006,0.014727224750973019,0.9561027837259101,0.9477615611421147
KY0340200,3544.0,3948.0,3557.0,326070,325851.0,328965,0.010868831845922654,0.012115967113803548,0.010812700439256456,1.0036681715575622,0.9948355621411831
KY0470000,112.0,104.0,115.0,49654,50372.0,51133,0.0022556088129858623,0.0020646390852060667,0.0022490368255334127,1.0267857142857142,0.9970863797771078
KY0568000,10426.0,10733.0,12310.0,675501,673730.0,678236,0.01543447011921522,0.015930714084277084,0.0181500244752564,1.1807020909265298,1.1759408865394374
KY0630000,103.0,202.0,185.0,52600,52873.0,53631,0.0019581749049429656,0.0038204754789779283,0.0034494974921220937,1.796116504854369,1.7615880396662345
KY0930400,149.0,139.0,179.0,56277,56666.0,57112,0.002647618032233417,0.0024529700349415874,0.0031341924639305225,1.2013422818791946,1.183778183171933
KY1000000,85.0,111.0,93.0,50196,50699.0,51408,0.0016933620208781576,0.0021893922957060296,0.0018090569561157797,1.0941176470588236,1.0683226231669138
KY1140000,213.0,238.0,250.0,62232,61946.0,64226,0.003422676436559969,0.003842055984244342,0.00389250459315542,1.1737089201877935,1.1372692293016342
KY1140100,728.0,817.0,691.0,69627,71861.0,71826,0.010455714018986888,0.011369171038532723,0.009620471695486315,0.9491758241758241,0.9201161850846505
LA0030000,1032.0,1180.0,1321.0,115268,117322.0,118623,0.008953048547732241,0.010057789672866128,0.011136120313935747,1.2800387596899225,1.2438355778553736
LA0100000,2223.0,2388.0,2151.0,89718,90323.0,89562,0.02477763659466328,0.026438448678631134,0.02401688215984458,0.9676113360323887,0.969296731271676
LA0290000,1177.0,1106.0,1067.0,78721,78615.0,78301,0.01495153770912463,0.014068561979266044,0.013626901316713708,0.9065420560747663,0.9114046716678164
LA0370000,1640.0,1743.0,1772.0,87249,86866.0,85870,0.018796777040424532,0.020065388068979808,0.020635844881798066,1.0804878048780489,1.0978395305439022
LA0400000,1076.0,1211.0,1226.0,63662,63816.0,62893,0.01690176243284848,0.018976432242697756,0.019493425341452944,1.1394052044609666,1.1533368439475626
MA0030800,1704.0,1465.0,1700.0,89066,89136.0,90618,0.019131879729638694,0.0164355591455753,0.018760069743318106,0.9976525821596244,0.9805659458675883
MA0031100,2469.0,2231.0,2330.0,94613,94886.0,96346,0.026095779649731008,0.023512425436839998,0.024183671351171818,0.9437019036046983,0.9267272975084728
MA0031900,510.0,482.0,539.0,57028,57338.0,58333,0.008942975380514835,0.00840629251107468,0.009240052800301716,1.0568627450980392,1.03321908057962
MA0051100,1025.0,988.0,1279.0,63935,64015.0,64944,0.016031907405959177,0.015433882683745997,0.019693890120719388,1.2478048780487805,1.2284184047494575
MA0051400,1065.0,1045.0,1206.0,94449,94223.0,95727,0.011275926690594924,0.011090710336117509,0.012598326490958664,1.1323943661971831,1.1172763744080327
MA0051900,299.0,232.0,237.0,50727,50810.0,51691,0.005894296922743313,0.004566030308994292,0.0045849374165715506,0.7926421404682275,0.7778599342154683
MA0052500,313.0,287.0,338.0,53104,52975.0,53669,0.00589409460680928,0.005417649834827749,0.00629786282583987,1.0798722044728435,1.0685038578383401
MA0070500,1062.0,943.0,829.0,55293,54918.0,55332,0.019206771200694483,0.017171055027495538,0.014982288729848912,0.78060263653484,0.7800524394910884
MA0071800,4419.0,4274.0,4424.0,154306,153084.0,154098,0.028637901312975517,0.027919312273000443,0.02870900336149723,1.0011314777098892,1.0024827953607582
MA0091100,1080.0,1069.0,1118.0,119908,119938.0,121699,0.009006905294058778,0.0089129383514816,0.009186599725552387,1.0351851851851852,1.0199507406403108
MA0091800,513.0,471.0,408.0,73127,74680.0,75042,0.007015192746865043,0.00630690948044992,0.005436955305029184,0.7953216374269005,0.7750257906254758
MA0092600,1541.0,1344.0,1356.0,111423,110876.0,112230,0.013830178688421601,0.012121649410151881,0.012082330927559476,0.8799480856586632,0.8736207390924461
MA0092700,464.0,420.0,428.0,60746,60231.0,60433,0.007638363019787311,0.0069731533595656725,0.007082223288600599,0.9224137931034483,0.9271912411408016
MA0093000,304.0,283.0,267.0,57484,57137.0,61819,0.005288428084336511,0.004953007683287537,0.004319060483023019,0.8782894736842105,0.8167002394937342
MA0093300,186.0,189.0,149.0,88658,88281.0,88769,0.0020979494236278732,0.0021408910184524416,0.0016785138956167131,0.8010752688172043,0.800073575040788
MA0093900,376.0,281.0,343.0,81668,81552.0,82123,0.004604006465200568,0.003445654306454777,0.004176661836513522,0.9122340425531915,0.9071798374052829
MA0094700,348.0,297.0,228.0,62737,62339.0,62693,0.005546965905287151,0.004764272766646882,0.00363676965530442,0.6551724137931034,0.6556322352437741
MA0110400,113.0,128.0,117.0,58928,59057.0,59748,0.0019175943524300841,0.0021673975989298473,0.0019582245430809398,1.0353982300884956,1.0211881050856073
MA0112000,878.0,790.0,853.0,94113,94519.0,95737,0.009329210629774844,0.008358107893651013,0.00890982587714259,0.9715261958997722,0.9550460623866976
MA0112700,317.0,268.0,282.0,57776,58090.0,59242,0.0054867072833010245,0.0046135307281804094,0.004760136389723507,0.889589905362776,0.8675761515856951
MA0120300,1850.0,1658.0,1537.0,95287,99171.0,100516,0.019415030381898894,0.016718597170543806,0.01529109793465717,0.8308108108108108,0.787590729134961
MA0122000,488.0,540.0,444.0,60870,64199.0,66289,0.00801708559224577,0.008411345971121045,0.006697943851921133,0.9098360655737705,0.8354586931689331
MA0130400,505.0,474.0,504.0,53654,52930.0,52860,0.009412159391657657,0.008955223880597015,0.009534619750283769,0.998019801980198,1.0130108674885652
MA0146000,2844.0,2447.0,2636.0,184945,184850.0,186365,0.015377544675444051,0.01323776034622667,0.014144286749121347,0.9268635724331927,0.919801375814433
MD0160400,3972.0,3511.0,3955.0,1037258,1036020.0,1054042,0.0038293269369819275,0.0033889307156232504,0.0037522223972099784,0.9957200402819738,0.979864727916724
ME0060000,174.0,242.0,217.0,51738,51983.0,53847,0.0033630986895512,0.004655368101109978,0.004029936672423719,1.2471264367816093,1.198280825045163
MI0310300,679.0,759.0,748.0,89222,90541.0,92655,0.007610230660599404,0.008382942534321468,0.008072958825751443,1.101620029455081,1.060803434979669
MI0910900,296.0,309.0,301.0,56289,57033.0,57772,0.005258576276004193,0.0054179159434011885,0.00521013639825521,1.0168918918918919,0.990788404464147
MI1111100,555.0,499.0,661.0,50004,49663.0,51267,0.011099112071034317,0.010047721643879749,0.012893284178906509,1.190990990990991,1.1616500578054794
MI1323700,1535.0,1303.0,1395.0,60607,60479.0,60134,0.025327107429834836,0.02154466839729493,0.023198190707420095,0.9087947882736156,0.9159431558336221
MI2312300,602.0,635.0,705.0,76900,77182.0,78168,0.007828348504551365,0.008227306885025007,0.009019035922628186,1.1710963455149501,1.152099439285893
MI2539800,2664.0,1661.0,1826.0,95212,94842.0,94290,0.027979666428601436,0.01751333797262816,0.01936578640364832,0.6854354354354354,0.692137858507569
MI2812800,503.0,596.0,701.0,77482,77813.0,79332,0.006491830360599881,0.00765938853404958,0.00883628296273887,1.393638170974155,1.361138919520742
MI3313300,484.0,501.0,547.0,65765,65350.0,68436,0.0073595377480422716,0.0076664116296863045,0.007992869250102286,1.1301652892561984,1.0860558806466463
MI3351900,2564.0,2864.0,2829.0,118953,118651.0,117865,0.02155473170075576,0.024138018221506772,0.024002036227887838,1.1033541341653665,1.1135390855756404
MI3813800,522.0,464.0,624.0,64482,64321.0,65559,0.008095282404391923,0.0072138181931251065,0.009518143961927425,1.1954022988505748,1.1757642891820004
MI3913900,1127.0,1322.0,924.0,106154,108184.0,111762,0.010616651280215536,0.012219921615026252,0.008267568583239383,0.8198757763975155,0.7787360030037209
MI3949900,2972.0,3189.0,3022.0,76827,76411.0,76179,0.038684316711572755,0.041734828755022185,0.03966972525236614,1.0168236877523553,1.0254730760307986
MI3967800,539.0,474.0,490.0,49583,49798.0,50141,0.010870661315370187,0.009518454556407888,0.00977244171436549,0.9090909090909091,0.8989739842734399
MI4114100,2550.0,2607.0,2642.0,260315,261999.0,270582,0.009795824289802739,0.009950419658090298,0.009764138043180996,1.036078431372549,0.9967653312590827
MI4143600,4111.0,4284.0,4970.0,201799,202513.0,201280,0.020371756054291645,0.021154197508308107,0.024691971383147854,1.208951593286305,1.2120688720865613
MI4183400,1197.0,1322.0,1532.0,76295,76071.0,77094,0.015689101513860673,0.017378501662920168,0.019871844760941188,1.2798663324979114,1.266601834616548
MI4185000,794.0,1008.0,1057.0,52274,52263.0,52028,0.015189195393503463,0.019287067332529707,0.02031598370108403,1.3312342569269522,1.337528629710915
MI4414400,214.0,222.0,244.0,58737,58332.0,59320,0.0036433593816504076,0.003805801275457725,0.00411328388401888,1.1401869158878504,1.1289811004468084
MI4714700,279.0,270.0,302.0,125192,125493.0,127743,0.0022285769058725795,0.0021515144270995196,0.002364121713127138,1.082437275985663,1.0608212383864253
MI5015000,1399.0,1298.0,1379.0,188197,188495.0,198239,0.0074336997933017,0.006886124300379321,0.0069562497793067965,0.9857040743388135,0.935772222813582
MI5072200,462.0,466.0,439.0,59365,58898.0,58254,0.007782363345405542,0.007911983428978912,0.007535963195660383,0.9502164502164502,0.968338647425062
MI5074000,407.0,390.0,464.0,80806,81416.0,82164,0.0050367546964334335,0.004790213225901543,0.005647242101163527,1.1400491400491402,1.1212064993283044
MI5076500,1004.0,1174.0,1493.0,133377,132745.0,131911,0.007527534732375147,0.008844024257034164,0.011318237296358908,1.4870517928286853,1.503578222984524
MI5080600,1683.0,1592.0,1753.0,134653,133928.0,132758,0.012498793194358834,0.01188698405113195,0.013204477319634221,1.041592394533571,1.0564601809392196
MI5084900,1346.0,1466.0,1564.0,101308,100884.0,100094,0.013286216290914834,0.014531541176004123,0.015625312206525865,1.161961367013373,1.1760543306231221
MI5915900,82.0,113.0,231.0,50509,50416.0,50714,0.0016234730444079273,0.0022413519517613455,0.004554955239184446,2.817073170731707,2.8056857826337462
MI6116100,349.0,349.0,58.0,55748,56017.0,58165,0.006260314271363995,0.006230251530785298,0.0009971632424997851,0.166189111747851,0.15928325628331813
MI631900X,1979.0,2066.0,1947.0,59791,59411.0,58834,0.0330986268836447,0.03477470502095571,0.03309310942652208,0.9838302172814553,0.9998333025372316
MI631910X,223.0,252.0,237.0,75167,74913.0,74426,0.002966727420277515,0.0033639021264667015,0.0031843710531265956,1.062780269058296,1.0733615199568018
MI6338900,545.0,589.0,643.0,81262,80708.0,80044,0.0067067017794295,0.0072979134658274275,0.008033081805007246,1.1798165137614678,1.1977693461256858
MI6362700,291.0,305.0,354.0,61699,61554.0,61440,0.004716445971571662,0.004954998862787146,0.00576171875,1.2164948453608246,1.2216229730455328
MI6371400,282.0,208.0,271.0,59742,59506.0,59137,0.004720297278296676,0.0034954458373945485,0.0045825794341951736,0.9609929078014184,0.970824328218752
MI6375100,1003.0,1180.0,1295.0,73335,72794.0,72216,0.013676961887229836,0.016210127208286396,0.017932314168605294,1.2911266201395812,1.3111328609717539
MI6378400,393.0,406.0,476.0,84688,84441.0,83851,0.00464056300774608,0.004808090856337561,0.005676736115252054,1.2111959287531806,1.2232860766627631
MI6380800,702.0,706.0,791.0,73105,72735.0,72213,0.009602626359346146,0.009706468687701931,0.010953706396355227,1.1267806267806268,1.140699011546366
MI6381500,262.0,273.0,364.0,66067,65711.0,65720,0.00396567121255695,0.004154555553864649,0.005538648813146683,1.3893129770992367,1.396648515794511
MI7017000,2324.0,2307.0,2178.0,250234,251287.0,257424,0.009287307080572585,0.009180737563025544,0.008460749580458699,0.9371772805507745,0.9110013814614896
MI7417400,491.0,430.0,526.0,97846,97735.0,99574,0.005018089651084357,0.004399652120530005,0.005282503464759877,1.0712830957230142,1.052692126299175
MI8018000,506.0,371.0,421.0,54712,54875.0,54638,0.009248428132767949,0.006760820045558087,0.007705260075405396,0.8320158102766798,0.8331426664932411
MI8118100,1273.0,1344.0,1407.0,162050,161015.0,164766,0.007855600123418698,0.008347048411638667,0.008539383125159316,1.105263157894737,1.0870440184069656
MI8121800,880.0,783.0,870.0,122893,120647.0,119805,0.007160700772216481,0.006490008039984417,0.007261800425691749,0.9886363636363636,1.014118681493791
MI8234300,1028.0,989.0,1096.0,93902,93507.0,92930,0.010947583651040446,0.010576748264835787,0.011793823307866136,1.066147859922179,1.0772992181471264
MI8234400,825.0,991.0,996.0,55368,55105.0,54772,0.014900303424360642,0.017983849015515835,0.018184473818739503,1.2072727272727273,1.2204096319951137
MI8234900,26124.0,24224.0,24002.0,663502,659616.0,673708,0.03937290317135442,0.03672439722505215,0.03562671068177905,0.9187720104118818,0.9048535366246273
MI8253800,668.0,730.0,756.0,93644,93342.0,92852,0.007133398829610013,0.007820702363351974,0.008141989402489985,1.1317365269461077,1.1413899036029522
MI8277500,890.0,878.0,974.0,60923,60698.0,60341,0.014608604303793312,0.01446505650927543,0.016141595266899785,1.09438202247191,1.104937537579029
MI8281700,1288.0,1384.0,1513.0,81444,81244.0,80837,0.015814547419085508,0.01703510413076658,0.018716676769301187,1.174689440993789,1.1835101108687622
MI8290800,760.0,732.0,884.0,93406,94128.0,94777,0.008136522279082714,0.0077766445690973995,0.009327157432710467,1.1631578947368422,1.1463321936312552
MN0100000,217.0,184.0,219.0,77832,78987.0,80845,0.0027880563264467057,0.0023294972590426274,0.002708887377079597,1.0092165898617511,0.9716042503818395
MN0271100,7719.0,7595.0,7183.0,431016,435116.0,438463,0.0179088479313993,0.017455115417497863,0.01638222609433407,0.9305609534913849,0.9147559997765894
MN0550100,525.0,802.0,884.0,118267,120336.0,121225,0.004439108119762909,0.006664672251030448,0.0072922252010723864,1.6838095238095239,1.6427230435337674
MN0620000,376.0,286.0,397.0,85133,84720.0,84975,0.0044166187025007925,0.003375826251180359,0.004671962341865255,1.0558510638297873,1.0578142820479117
MN0690000,184.0,241.0,208.0,56559,56157.0,57182,0.0032532399794904434,0.004291539790230959,0.003637508306809835,1.1304347826086956,1.1181186539394428
MO0100200,315.0,1627.0,1792.0,125017,124829.0,126418,0.002519657326603582,0.013033830279822798,0.014175196570108687,5.688888888888889,5.625843014619929
MO0110100,1538.0,1319.0,1279.0,75872,74680.0,73821,0.020270982707718262,0.017662024638457417,0.01732569323092345,0.8315994798439532,0.8547041591785591
MO0360000,214.0,209.0,179.0,57745,57783.0,58098,0.0037059485669754958,0.003616980772891681,0.003081001067162381,0.8364485981308412,0.8313663860901481
MO0490700,1267.0,1205.0,1129.0,50635,50935.0,50970,0.025022217833514368,0.02365760282713262,0.022150284481067293,0.8910812943962115,0.8852246682705938
MO0920300,222.0,486.0,578.0,71341,71563.0,72323,0.0031118150852945713,0.006791218925981303,0.007991925113725923,2.6036036036036037,2.568251934857302
MO0920400,371.0,395.0,413.0,57697,58849.0,58597,0.006430143681647226,0.0067120936634437285,0.007048142396368415,1.1132075471698113,1.096109627609888
MOKPD0000,10193.0,10672.0,10153.0,495964,499335.0,500965,0.02055189489559726,0.021372425325683158,0.020266884912119608,0.9960757382517413,0.9861321797855871
MS0170100,314.0,364.0,647.0,55718,56573.0,57455,0.005635521734448473,0.006434164707546003,0.011260986859281176,2.0605095541401273,1.9982154962593268
MS0240000,659.0,666.0,635.0,53259,54107.0,54419,0.012373495559435965,0.012308943389949544,0.011668718646061118,0.9635811836115327,0.9430414057216525
MS0240200,1778.0,1934.0,1965.0,72383,72142.0,71803,0.024563778787836922,0.026808239305813535,0.02736654457334652,1.1051743532058493,1.1141015724704957
MT0070100,619.0,736.0,903.0,58637,58345.0,58265,0.010556474580896022,0.012614619933156226,0.015498154981549815,1.4588045234248788,1.4681184388580557
MT0150000,398.0,432.0,486.0,65053,65914.0,67563,0.006118088327978725,0.00655399459902297,0.007193286266151592,1.221105527638191,1.1757408328441195
MT0160000,228.0,245.0,268.0,52061,53275.0,54792,0.0043794779201321524,0.004598779915532614,0.004891224996349832,1.1754385964912282,1.1168511602410904
MT0160100,334.0,343.0,411.0,50152,51460.0,52586,0.0066597543467857715,0.006665371162067626,0.007815768455482448,1.2305389221556886,1.1735820945489692
MT0320100,868.0,970.0,1137.0,75422,76468.0,77852,0.01150857839887566,0.012685044724590679,0.014604634434568156,1.3099078341013826,1.2690215879308748
MT0560100,1516.0,1895.0,2247.0,110198,110157.0,110274,0.013757055481950671,0.017202719754532168,0.02037651667664182,1.4821899736147757,1.4811684595861314
NB0280000,432.0,479.0,534.0,86913,81043.0,91083,0.004970487729108419,0.005910442604543267,0.005862784493264385,1.2361111111111112,1.1795189552386285
NB0400100,891.0,811.0,862.0,51821,51547.0,51226,0.01719380174060709,0.015733214348070693,0.01682739233982743,0.9674523007856342,0.978689448307741
NB0770000,481.0,453.0,510.0,95330,98100.0,102658,0.005045630966117696,0.004617737003058104,0.004967951840090397,1.0602910602910602,0.9846046755006603
NB0770100,657.0,481.0,550.0,53880,53761.0,53436,0.012193763919821826,0.008947006194081212,0.010292686578336702,0.837138508371385,0.8440942965613113
NC0010000,701.0,672.0,775.0,67878,68636.0,66326,0.010327352013907304,0.009790780348505158,0.011684708862286283,1.1055634807417973,1.1314331928020946
NC0010100,1409.0,1793.0,1566.0,54108,55003.0,56065,0.026040511569453684,0.032598221915168264,0.027931864799785964,1.1114265436479773,1.0726311856542363
NC0110000,786.0,773.0,835.0,146879,148514.0,146671,0.005351343622982183,0.005204896508073313,0.005693013615506814,1.0623409669211197,1.0638475150534674
NC0110100,2127.0,2235.0,2195.0,93641,93980.0,93855,0.022714409286530474,0.02378165567141945,0.023387139736828086,1.0319699106723084,1.0296169027251145
NC0120000,208.0,214.0,212.0,64561,64725.0,63207,0.0032217592664301976,0.003306295867130166,0.0033540588858828927,1.0192307692307692,1.0410644025552185
NC0130000,137.0,121.0,184.0,79154,81370.0,79911,0.0017308032443085631,0.0014870345336118963,0.002302561599779755,1.3430656934306568,1.3303427800654504
NC0130100,293.0,271.0,241.0,96138,98411.0,100631,0.0030477022613326675,0.0027537572019388076,0.0023948882551102545,0.8225255972696246,0.7858012527979169
NC0130200,258.0,279.0,245.0,50725,51837.0,53044,0.0050862493839329715,0.005382255917587823,0.004618807028127592,0.9496124031007752,0.9080968469060935
NC0140000,471.0,344.0,394.0,55193,55427.0,54097,0.008533690866595401,0.0062063615205585725,0.00728321348688467,0.8365180467091295,0.8534658216170394
NC0190000,397.0,306.0,379.0,59421,60695.0,60545,0.0066811396644284,0.005041601449872313,0.006259806755305971,0.9546599496221663,0.9369369702948014
NC0230000,142.0,278.0,274.0,63162,63554.0,62852,0.0022481872011652576,0.0043742329357711555,0.00435944759116655,1.9295774647887325,1.9390945686849412
NC0260100,3628.0,3871.0,3772.0,209614,212033.0,212047,0.017308004236358258,0.018256592134243254,0.017788509151273068,1.039691289966924,1.027762005853074
NC0320100,4259.0,4116.0,4261.0,280282,284925.0,291962,0.01519541033673229,0.014445906817583575,0.014594365020105356,1.000469593801362,0.9604456014475627
NC0330100,508.0,591.0,545.0,53827,53520.0,53305,0.00943764281865978,0.011042600896860986,0.010224181596473127,1.0728346456692914,1.0833405960499194
NC0350000,411.0,434.0,512.0,56860,59173.0,60066,0.007228279985930355,0.007334426174099674,0.008523956980654614,1.245742092457421,1.1792510800973754
NC0410000,1003.0,823.0,931.0,128463,129775.0,122777,0.007807695601068012,0.006341745328453092,0.007582853466040056,0.9282153539381854,0.9712024973159558
NC0410200,5480.0,6373.0,6601.0,298025,299887.0,300865,0.018387719151077928,0.0212513380039815,0.021940072790121817,1.2045620437956204,1.193191641108769
NC0410300,1224.0,1171.0,1050.0,113307,113727.0,114492,0.01080250999496942,0.010296587441856376,0.009170946441672781,0.8578431372549019,0.848964402342008
NC0490000,610.0,542.0,636.0,111376,113725.0,113516,0.005476942967964373,0.004765882611562981,0.005602734416293738,1.042622950819672,1.0229674563100515
NC0510000,594.0,576.0,631.0,149142,153209.0,154294,0.003982781510238564,0.003759570260232754,0.004089595188406549,1.0622895622895623,1.0268188646285008
NC0550000,764.0,663.0,666.0,73435,75754.0,76159,0.01040375842581875,0.008752013095018085,0.008744862721411784,0.8717277486910995,0.8405484213964324
NC0600100,15182.0,15249.0,15293.0,944260,958358.0,956282,0.016078198801177643,0.015911590449497994,0.01599214457659979,1.0073112896851535,0.9946477695889945
NC0600600,372.0,391.0,437.0,58512,59470.0,60450,0.006357670221493027,0.00657474356818564,0.007229114971050455,1.174731182795699,1.1370698257690974
NC0630000,350.0,435.0,307.0,49310,50411.0,50309,0.007097951733928209,0.00862906905238936,0.006102287861018903,0.8771428571428571,0.8597251840766919
NC0650000,807.0,564.0,573.0,100191,101301.0,98766,0.008054615684043477,0.0055675659667722924,0.005801591640848065,0.7100371747211895,0.720281620927148
NC0650200,1761.0,1707.0,1729.0,124750,125794.0,126759,0.01411623246492986,0.013569804601173347,0.01364005711625999,0.9818285065303805,0.966267532795817
NC0680000,295.0,374.0,342.0,57603,57142.0,55542,0.005121261045431661,0.006545098176472647,0.006157502430593065,1.159322033898305,1.2023410593540758
NC0680100,431.0,416.0,505.0,61457,64853.0,64388,0.007013033503099729,0.006414506653508704,0.007843076349630365,1.17169373549884,1.1183571768427687
NC0740000,840.0,826.0,874.0,63230,63698.0,61460,0.013284833148821762,0.012967440108009671,0.014220631304913765,1.0404761904761906,1.0704410921544016
NC0740300,1524.0,1698.0,1725.0,94193,94372.0,95815,0.016179546250782967,0.01799262493112364,0.01800344413713928,1.1318897637795275,1.112728617854042
NC0780000,765.0,897.0,875.0,95824,95176.0,92933,0.007983386208048088,0.009424644868454232,0.009415385277565557,1.1437908496732025,1.1793723906371791
NC0790000,195.0,176.0,162.0,55844,56267.0,55171,0.003491870209870353,0.0031279435548367605,0.0029363252433343605,0.8307692307692308,0.8409033173782771
NC0800000,429.0,385.0,321.0,78908,79479.0,77550,0.005436711106605161,0.004844046855144126,0.00413926499032882,0.7482517482517482,0.7613545964029522
NC0820000,236.0,231.0,200.0,54109,54128.0,53126,0.004361566467685598,0.004267661838604789,0.0037646350186349435,0.847457627118644,0.8631382890818566
NC0900000,1368.0,1198.0,1128.0,164494,166924.0,166428,0.008316412756696293,0.007176918837315185,0.006777705674525921,0.8245614035087719,0.8149794716560431
NC0920000,634.0,624.0,620.0,198674,198306.0,182101,0.003191157373385546,0.003146652143656773,0.0034047039829545145,0.9779179810725552,1.0669182320339199
NC0920100,4050.0,5294.0,6679.0,477828,482264.0,481823,0.008475853235892413,0.010977389977273858,0.01386193685232959,1.6491358024691358,1.6354621141419614
NC0920200,321.0,270.0,277.0,56276,62320.0,67878,0.005704030137181036,0.004332477535301669,0.004080850938448392,0.8629283489096573,0.7154329202869836
NC0920300,573.0,567.0,689.0,172525,174441.0,177735,0.0033212577887262716,0.0032503826508676285,0.0038765577967198356,1.2024432809773125,1.1671956961240657
NC0960000,566.0,462.0,468.0,81700,81788.0,80391,0.006927784577723378,0.0056487504279356384,0.005821547188118073,0.8268551236749117,0.8403187372248173
NC0970000,334.0,303.0,293.0,60638,60615.0,59319,0.005508097232758336,0.00499876268250433,0.004939395471939851,0.8772455089820359,0.8967516845134392
ND0080100,963.0,1194.0,1116.0,74705,74997.0,75396,0.01289070343350512,0.015920636825473018,0.014801846251790545,1.158878504672897,1.1482574498857867
ND0090200,1968.0,2155.0,2941.0,127423,126927.0,127313,0.015444621457664629,0.016978263096110363,0.02310054746962211,1.494410569105691,1.4957017582427126
ND0180100,717.0,679.0,791.0,57459,56163.0,56253,0.01247846290398371,0.012089810017271158,0.014061472277034113,1.103207810320781,1.1268593243599765
NH0063400,2348.0,2197.0,2161.0,112895,113018.0,112844,0.020798086717746578,0.019439381337486066,0.01915033143100209,0.9203577512776832,0.9207737082210312
NH0064600,907.0,780.0,883.0,89586,89671.0,89431,0.010124349786797044,0.008698464386479464,0.009873533785823708,0.9735391400220507,0.9752264583647219
NM0010100,11624.0,12008.0,10917.0,561920,562065.0,564147,0.02068621867881549,0.021364077108519477,0.019351339278592283,0.9391775636613903,0.9354701107558995
NM0070000,418.0,895.0,984.0,83842,84552.0,85437,0.004985568092364209,0.010585202005866212,0.011517258330699814,2.354066985645933,2.3101195525419467
OH0091500,501.0,426.0,502.0,62517,62685.0,63211,0.008013820240894476,0.006795884182818856,0.007941655724478334,1.001996007984032,0.9909949918706827
OH0120000,102.0,360.0,222.0,62865,62876.0,63796,0.0016225244571701264,0.005725555060754501,0.0034798419963634085,2.176470588235294,2.1447085009939775
OH0130000,592.0,600.0,517.0,66391,66544.0,65107,0.008916871262671145,0.009016590526568887,0.00794077441749735,0.8733108108108109,0.8905337066757881
OH0184200,271.0,263.0,306.0,78322,77684.0,77674,0.0034600750746916573,0.0033855105298388343,0.003939542189149522,1.1291512915129152,1.1385713038323575
OH0230000,637.0,599.0,567.0,76114,76683.0,78622,0.008369025409254539,0.007811379314841621,0.007211721909897993,0.8901098901098901,0.8617158578492556
OH0250000,160.0,103.0,264.0,54386,54902.0,64577,0.0029419335858492995,0.0018760700885213654,0.0040881428372330705,1.65,1.389610852160986
OH0250300,161.0,137.0,152.0,49626,49954.0,50236,0.003244267118042961,0.00274252312127157,0.0030257186081694403,0.9440993788819876,0.9326354760808487
OH0314200,218.0,255.0,325.0,59479,59307.0,59223,0.0036651591317944147,0.004299661085537964,0.005487732806510984,1.4908256880733946,1.4972699981581048
OH0314400,164.0,177.0,183.0,59273,59142.0,59115,0.0027668584347004537,0.0029927969970579282,0.003095660999746257,1.1158536585365855,1.118836063646097
OH0450100,783.0,813.0,627.0,50340,50625.0,50980,0.015554231227651967,0.01605925925925926,0.012298940761082778,0.8007662835249042,0.7907135094673142
OH0470000,317.0,294.0,268.0,60862,61097.0,58932,0.005208504485557491,0.004812020230125866,0.004547614199416276,0.8454258675078864,0.8731132347156889
OH0470400,706.0,772.0,688.0,53806,53677.0,53809,0.013121213247593206,0.01438232390036701,0.012785965173112304,0.9745042492917847,0.974449917995015
OH0470500,1385.0,1598.0,1485.0,64022,63831.0,63859,0.021633188591421697,0.025034857671037584,0.02325435725582925,1.0722021660649819,1.0749389604568234
OH0480000,680.0,632.0,580.0,49953,50417.0,54073,0.013612796028266571,0.012535454311045878,0.010726240452721322,0.8529411764705882,0.787952778433512
OH0480700,12532.0,12257.0,11939.0,273505,271237.0,269941,0.04582000329061626,0.04518926252686765,0.04422818319558718,0.9526811362910947,0.9652592758465586
OH0500900,854.0,270.0,1390.0,64722,65316.0,63538,0.013194895089768548,0.004133749770347235,0.0218766722276433,1.6276346604215457,1.6579648476786062
OH0570000,784.0,806.0,909.0,60640,60839.0,64743,0.012928759894459104,0.01324808100067391,0.014040127890273852,1.159438775510204,1.0859609123293448
OH0570200,3679.0,3643.0,3551.0,140427,140193.0,139671,0.026198665498800087,0.025985605558052113,0.025424032189932055,0.9652079369393857,0.9704323371393283
OH0700000,507.0,514.0,401.0,50621,50688.0,51714,0.010015606171351811,0.010140467171717172,0.007754186487218161,0.7909270216962525,0.7742104027011253
OH0710000,506.0,475.0,420.0,54976,54712.0,55080,0.009204016298020954,0.008681824828191256,0.007625272331154684,0.8300395256916996,0.8284722760426085
OH0730000,228.0,213.0,100.0,52434,52520.0,52464,0.0043483236068200025,0.004055597867479056,0.001906068923452272,0.43859649122807015,0.43834569268551066
OH0760000,1020.0,803.0,789.0,116416,115983.0,118427,0.008761682242990653,0.00692342843347732,0.006662332069544951,0.7735294117647059,0.7603941668707305
OH0760400,2936.0,3050.0,3239.0,70139,70124.0,69623,0.04185973566774548,0.04349438138155268,0.04652198267813797,1.103201634877384,1.111377841642343
OH0770000,506.0,537.0,467.0,48890,49423.0,53121,0.010349764778073225,0.010865386560912935,0.008791250164718285,0.9229249011857708,0.8494154556384921
OH0770100,5667.0,5829.0,5000.0,197882,197433.0,195701,0.028638279378619583,0.02952393976690827,0.025549179615842535,0.8823010411152286,0.8921338910785517
OH0830000,230.0,194.0,286.0,96449,96802.0,101708,0.0023846799863140107,0.00200409082456974,0.0028119715263302788,1.2434782608695651,1.1791819206218654
OH0850000,286.0,193.0,205.0,60941,60943.0,61918,0.0046930637830032325,0.0031668936547265478,0.0033108304531800125,0.7167832167832168,0.7054731421232278
OHCIP0000,6882.0,6405.0,6069.0,303335,304724.0,305308,0.022687787429739398,0.02101902049067353,0.019878286844760045,0.8818657367044463,0.8761668323242209
OHCLP0000,18013.0,18700.0,19615.0,381829,379121.0,379313,0.047175568120808004,0.049324621954468365,0.05171191074389752,1.0889357686115584,1.096158727998204
OHCOP0000,17195.0,17207.0,17623.0,906120,911383.0,916001,0.01897651525184302,0.01888009760989617,0.019239061966089557,1.0248909566734516,1.013835349154584
OK0140200,1088.0,1168.0,1329.0,125076,126480.0,127304,0.00869871118360037,0.009234661606578116,0.010439577703764217,1.2215073529411764,1.2001292471286886
OK0550300,440.0,427.0,484.0,94699,95571.0,96861,0.004646300383319781,0.004467882516663004,0.004996851157844747,1.1,1.0754472904471357
OK0600200,449.0,425.0,579.0,51008,50831.0,50786,0.00880254077791719,0.008361039523125651,0.011400779742448706,1.289532293986637,1.295169205128783
OR0020100,314.0,482.0,558.0,59196,59375.0,59585,0.005304412460301371,0.008117894736842105,0.009364773013342284,1.7770700636942676,1.765468481840159
OR0030000,853.0,778.0,822.0,241252,242246.0,242708,0.003535721983651949,0.0032116113372357025,0.003386785767259423,0.9636576787807737,0.9578767173773391
OR0090000,301.0,295.0,304.0,63710,63633.0,63484,0.004724533040339036,0.004635959329278834,0.0047886081532354605,1.0099667774086378,1.013562210772861
OR0090100,565.0,538.0,627.0,100588,103485.0,104833,0.005616972203443751,0.005198821085181427,0.005980941115870003,1.1097345132743364,1.0647980618816493
OR0100000,377.0,478.0,379.0,65373,65898.0,65755,0.005766906826977498,0.00725363440468603,0.005763820241806707,1.0053050397877985,0.9994647763067105
OR0150000,556.0,377.0,321.0,71114,71114.0,70360,0.007818432376184717,0.005301347132772731,0.004562251279135873,0.5773381294964028,0.5835250673821376
OR0150400,855.0,834.0,789.0,83316,84016.0,84297,0.010262134523980988,0.009926680632260522,0.009359763692658101,0.9228070175438596,0.9120679202543888
OR0200200,1653.0,1726.0,1800.0,173183,174513.0,175007,0.009544816754531334,0.009890380659320509,0.010285302873599342,1.0889292196007259,1.0775799198781335
OR0200600,521.0,550.0,468.0,63438,63666.0,63599,0.0082127431507929,0.00863883391449125,0.007358606267394142,0.8982725527831094,0.8959985880824367
OR0220000,241.0,227.0,241.0,53499,54548.0,54318,0.004504757098263519,0.004161472464618318,0.004436834935012335,1.0,0.984922125262344
OR0220100,259.0,307.0,335.0,54993,55926.0,56746,0.004709690324223083,0.005489396702785824,0.005903499806153738,1.2934362934362935,1.253479400925917
OR0240200,1415.0,1519.0,1747.0,175867,176632.0,178106,0.008045852831969614,0.00859980071561212,0.009808765566572715,1.2346289752650177,1.2191082501034936
OR0260100,907.0,891.0,724.0,110692,109767.0,110448,0.008193907418783652,0.008117193692093252,0.006555120961900623,0.7982359426681367,0.7999993930702356
OR0260200,8055.0,7108.0,8059.0,662114,662941.0,664350,0.012165578737196314,0.010721919446828602,0.012130654022728983,1.0004965859714463,0.997129218821251
OR0340000,1462.0,1573.0,1628.0,244002,243892.0,240972,0.005991754165949459,0.006449576041854591,0.006755971648158292,1.1135430916552667,1.127544866001313
OR0340100,470.0,443.0,521.0,100130,100085.0,99886,0.004693897932687506,0.004426237697956737,0.005215946178643654,1.1085106382978724,1.1112184912076364
OR0340300,702.0,624.0,670.0,110549,111146.0,113053,0.0063501252838107985,0.005614237129541324,0.0059264238896800615,0.9544159544159544,0.9332766874362409
OR0340400,294.0,333.0,332.0,55621,56377.0,56914,0.005285773358983118,0.005906664065132944,0.005833362617282215,1.129251700680272,1.1035968099858982
RI0020300,344.0,366.0,366.0,80749,80605.0,83968,0.004260114676342741,0.004540661249302152,0.004358803353658537,1.063953488372093,1.0231657325714336
RI0040200,467.0,411.0,384.0,81471,81313.0,84105,0.005732100992991371,0.005054542324105617,0.004565721419654004,0.8222698072805139,0.796517965269018
RI0040800,946.0,814.0,820.0,72030,72017.0,74342,0.013133416631958906,0.011302886818390102,0.011030104113421754,0.8668076109936576,0.8398503163739629
RI0040900,2398.0,2184.0,2132.0,179762,179603.0,185868,0.013339860482193122,0.012160153226839195,0.011470505950459465,0.8890742285237698,0.8598670102862779
SC0040000,1924.0,2190.0,2172.0,156813,158494.0,156284,0.012269390930598867,0.013817557762438957,0.01389777584397635,1.1288981288981288,1.1327192949176004
SC0070000,1475.0,1392.0,1385.0,140533,141108.0,136862,0.010495755445340241,0.009864784420443915,0.010119682599991232,0.9389830508474576,0.964169054118351
SC0080000,1156.0,1177.0,1300.0,127720,131934.0,132179,0.009051049170059505,0.008921127230281808,0.00983514779200932,1.1245674740484428,1.086630688577362
SC0100000,1016.0,852.0,809.0,88149,88546.0,81365,0.011525939035042938,0.009622117317552458,0.009942850119830393,0.7962598425196851,0.8626498968631195
SC0100100,1507.0,1425.0,1578.0,138254,139582.0,141768,0.010900227118202729,0.010209052743190382,0.011130861689520908,1.0471134704711347,1.0211586941095045
SC0100300,475.0,445.0,329.0,92448,94704.0,95657,0.005138023537556248,0.004698851157290082,0.003439371922598451,0.6926315789473684,0.6693959063165927
SC0100800,3943.0,3693.0,3852.0,115312,117503.0,121060,0.03419418620785348,0.031428984791877654,0.03181893276061457,0.9769211260461578,0.9305363364169382
SC0160000,1011.0,911.0,932.0,51747,51618.0,50394,0.019537364484897676,0.017648882172885426,0.01849426519030043,0.9218595450049456,0.9466100304673357
SC0180000,1652.0,1461.0,1260.0,88524,89658.0,87958,0.01866160589218743,0.01629525530348658,0.014325018758953137,0.7627118644067796,0.7676198308823048
SC0180200,898.0,906.0,767.0,52886,53711.0,54438,0.01697991907120977,0.016868053098992756,0.01408942282964106,0.8541202672605791,0.8297697280271683
SC0210000,1593.0,1586.0,1704.0,85977,85322.0,82188,0.018528211033183292,0.018588406272708094,0.02073295371587093,1.0696798493408664,1.1189938239983899
SC0220000,605.0,516.0,456.0,50855,51374.0,50835,0.011896568675646447,0.010043991123914821,0.008970197698436117,0.7537190082644628,0.7540155437255681
SC0230000,4045.0,3980.0,3857.0,365897,370714.0,362031,0.01105502368152786,0.01073603910292031,0.010653783791995714,0.953522867737948,0.9637051985512622
SC0230200,978.0,985.0,956.0,69830,72014.0,73653,0.01400544178719748,0.013677895964673536,0.012979783579759142,0.9775051124744376,0.9267671650046839
SC0260400,2981.0,3108.0,3241.0,267662,275827.0,278374,0.011137180473881238,0.011267932435910915,0.011642610301249398,1.0872190540087219,1.0453822067940344
SC0280000,686.0,653.0,601.0,56929,57957.0,57578,0.012050097489855785,0.011266973790913954,0.010438014519434506,0.8760932944606414,0.8662182632316138
SC0290000,1105.0,1024.0,951.0,88794,91631.0,92680,0.012444534540622115,0.01117525728192424,0.010261113508847649,0.860633484162896,0.8245477944838172
SC0320000,2572.0,2627.0,2836.0,222960,226184.0,224918,0.011535701471115895,0.011614437802850777,0.012609039738927076,1.1026438569206842,1.0930449067617345
SC0370000,673.0,731.0,769.0,62982,64060.0,62990,0.010685592709027976,0.011411177021542304,0.012208287029687253,1.1426448736998513,1.1424997529030647
SC0380000,1795.0,1684.0,1900.0,67168,66790.0,64641,0.026724035254883278,0.02521335529270849,0.029393109636298945,1.0584958217270195,1.0998754250980098
SC0390000,966.0,859.0,756.0,75189,76830.0,74920,0.012847623987551371,0.011180528439411688,0.01009076348104645,0.782608695652174,0.7854186494579726
SC0400000,4419.0,4345.0,3963.0,266509,269653.0,264424,0.0165810535479102,0.016113301168538825,0.0149872931352676,0.8968092328581126,0.9038806305017046
SC0400100,2463.0,1728.0,1372.0,133790,131777.0,132255,0.018409447641826743,0.01311306221874834,0.010373898907413708,0.5570442549736094,0.5635095147474137
SC0420000,2790.0,2858.0,3016.0,245855,251523.0,251038,0.011348152366232128,0.011362777956687858,0.012014117384619062,1.0810035842293906,1.0586848851596844
SC0430000,1015.0,1065.0,1038.0,66890,67204.0,65041,0.01517416654208402,0.01584727099577406,0.01595916421949232,1.0226600985221674,1.0517325070362968
SC0460000,938.0,847.0,1272.0,158089,161098.0,158843,0.005933366647900866,0.005257669244807509,0.0080079071787866,1.3560767590618337,1.3496396993466897
SD0490200,2712.0,3031.0,2784.0,185628,187370.0,191508,0.014609864891072468,0.016176549074024656,0.01453725170750047,1.0265486725663717,0.9950298524925875
SD0510100,1900.0,2064.0,1839.0,76343,78492.0,79910,0.024887677979644498,0.02629567344442746,0.0230133900638218,0.9678947368421053,0.9246901250749199
TN0050000,943.0,829.0,947.0,91803,93591.0,95199,0.010271995468557673,0.008857689307732581,0.00994758348301978,1.0042417815482503,0.9684178223665587
TN0060000,556.0,585.0,669.0,61621,62468.0,63446,0.009022898038006523,0.00936479477492476,0.010544399962172556,1.2032374100719425,1.1686267447284804
TN0180000,129.0,181.0,150.0,48505,49137.0,50433,0.002659519637150809,0.0036835785660500235,0.0029742430551424662,1.1627906976744187,1.1183384448812816
TN0190100,17244.0,16718.0,17877.0,687361,688013.0,690553,0.0250872540048097,0.024298959467335648,0.02588794777518887,1.0367084203201113,1.031916357614335
TN0330000,705.0,693.0,781.0,117105,118121.0,121457,0.006020238247726399,0.005866865333005985,0.006430259268712384,1.1078014184397162,1.068107108741225
TN0330100,4218.0,4493.0,4789.0,181848,184211.0,186222,0.02319519598785799,0.02439050871012046,0.025716617800259904,1.1353722143195828,1.1087044840544482
TN0470000,2162.0,2202.0,1990.0,281032,285998.0,290703,0.007693074098323323,0.007699354540940845,0.0068454745909054945,0.9204440333024977,0.8898230412725961
TN0470100,3586.0,3759.0,4029.0,188666,188672.0,191463,0.019007134300827917,0.019923465061058344,0.02104323028470253,1.1235359732292247,1.107122723060147
TN0570100,2199.0,2258.0,2135.0,66915,67234.0,67462,0.032862586863931856,0.03358419847101169,0.031647445969582876,0.9708958617553434,0.96302357756009
TN0630000,532.0,503.0,572.0,50576,52261.0,55481,0.010518823157228725,0.009624767991427642,0.01030983579964312,1.0751879699248121,0.9801320590277265
TN0630100,2635.0,2742.0,2926.0,159996,161167.0,164336,0.016469161729043225,0.017013408452102478,0.017804984908966995,1.110436432637571,1.081110575140449
TN0750000,798.0,819.0,855.0,98526,99341.0,102340,0.00809938493392607,0.008244330135593562,0.008354504592534688,1.0714285714285714,1.031498645970016
TN0750100,2865.0,2927.0,2702.0,145929,151769.0,155652,0.0196328351458586,0.01928588842253688,0.017359237272890807,0.9431064572425829,0.8841941137855787
TN0750200,776.0,796.0,880.0,52225,52984.0,54645,0.014858784107228339,0.015023403291559717,0.016103943636197274,1.134020618556701,1.0837995572170138
TN0780000,824.0,811.0,612.0,71092,71094.0,71237,0.011590614977775276,0.01140743241342448,0.008591041172424442,0.7427184466019418,0.7412066735800952
TN0790000,2296.0,2132.0,2366.0,125995,125947.0,129903,0.018222945354974405,0.016927755325652855,0.01821359014033548,1.0304878048780488,0.9994866244475474
TN0790100,308.0,258.0,255.0,51273,51677.0,52059,0.0060070602461334425,0.00499254987712135,0.004898288480378032,0.827922077922078,0.8154219001766976
TN0790600,611.0,563.0,522.0,59610,59714.0,59562,0.010249958060728065,0.009428274776434337,0.008763977032336053,0.8543371522094927,0.8550256479501672
TN0820000,953.0,867.0,898.0,77651,78154.0,79128,0.012272861907766802,0.011093482099444687,0.0113487008391467,0.9422875131164743,0.9246988130751106
TN0820200,1129.0,1071.0,1167.0,54218,54260.0,54229,0.020823342801283708,0.01973829708809436,0.021519851002231277,1.033658104517272,1.0334484336926264
TN0830000,440.0,417.0,489.0,56660,57387.0,59294,0.007765619484645252,0.007266454074964714,0.008247040172698755,1.1113636363636363,1.0619938549661625
TN0830400,392.0,349.0,226.0,58388,58901.0,60170,0.0067137082962252514,0.0059251965161881805,0.0037560245969752368,0.576530612244898,0.5594560310413014
TN0900000,629.0,533.0,615.0,58381,58827.0,60029,0.010774053202240456,0.00906046543253948,0.010245048226690433,0.9777424483306836,0.9509000962200543
TN0900100,912.0,893.0,892.0,67197,67293.0,67515,0.013572034465824367,0.013270325293864146,0.013211878841738873,0.9780701754385965,0.9734634018950954
TN0940000,475.0,329.0,508.0,60845,61974.0,64570,0.007806721998520832,0.005308677832639494,0.007867430695369366,1.0694736842105264,1.0077764645468401
TN0940100,398.0,489.0,462.0,83517,85722.0,87969,0.004765496844953722,0.005704486596206341,0.005251850083552161,1.1608040201005025,1.1020571945427784
TN0950000,356.0,315.0,321.0,69103,70398.0,71326,0.005151730026192784,0.004474558936333419,0.0045004626643860585,0.901685393258427,0.8735827851041287
TNMPD0000,27004.0,26426.0,26790.0,650410,650937.0,649444,0.041518426838455746,0.040596862676418766,0.04125066980370902,0.9920752481113909,0.993550886795674
TX0140700,1173.0,1211.0,1103.0,77558,79878.0,82333,0.01512416514092679,0.01516061994541676,0.013396815371722152,0.9403239556692242,0.8857887524296904
TX0201000,708.0,769.0,865.0,126206,126111.0,126983,0.005609875917151324,0.006097802729341612,0.006811935455927172,1.2217514124293785,1.2142756019078313
TX0210200,894.0,976.0,968.0,119246,120831.0,122051,0.007497106821193164,0.008077397356638611,0.007931110765171936,1.0827740492170022,1.057889523829634
TX0310100,2540.0,2523.0,2756.0,184418,183627.0,184287,0.013773059028945114,0.013739809505138133,0.014954934422938134,1.0850393700787402,1.0858106678777184
TX0310300,1190.0,1089.0,1239.0,65481,65014.0,65186,0.018173210549625084,0.016750238410188575,0.019007148774276686,1.0411764705882354,1.0458883267969845
TX0430400,823.0,857.0,940.0,199445,212626.0,222416,0.004126450901250972,0.004030551296642932,0.004226314653622041,1.1421628189550426,1.024200882249876
TX0430500,1193.0,1146.0,1235.0,200615,208335.0,217841,0.005946713854896194,0.005500755993952049,0.005669272542817927,1.0352053646269908,0.9533454410539971
TX0430600,1421.0,1279.0,1409.0,291611,290786.0,294496,0.004872930033503537,0.004398423582978548,0.0047844452895794845,0.9915552427867699,0.9818415730749916
TX0430800,135.0,207.0,267.0,52921,54460.0,55889,0.002550972203851023,0.003800954829232464,0.004777326486428457,1.9777777777777779,1.8727473702835582
TX0460100,1035.0,944.0,1098.0,88706,94751.0,100427,0.011667756408811129,0.009962955536089328,0.010933314746034433,1.0608695652173914,0.9370537370644739
TX0571200,1401.0,1358.0,1375.0,196971,196990.0,196334,0.0071127221773763655,0.006893750951824966,0.007003371805189116,0.9814418272662384,0.984626086966385
TX0571800,1800.0,2005.0,2109.0,143078,141325.0,137796,0.012580550468974964,0.014187157261630992,0.01530523382391361,1.1716666666666666,1.216579025032173
TX0572000,443.0,486.0,545.0,123893,124190.0,122872,0.0035756660989725002,0.003913358563491424,0.004435510124357054,1.2302483069977426,1.2404710064039923
TX0573300,456.0,534.0,631.0,67604,68810.0,69287,0.006745163008106029,0.007760499927336143,0.009107047498087665,1.3837719298245614,1.3501597347822774
TX0610200,1380.0,1605.0,2013.0,141492,144569.0,150975,0.009753201594436435,0.011101965151588514,0.013333333333333334,1.458695652173913,1.367072463768116
TX0610600,935.0,1072.0,1316.0,108000,110800.0,113998,0.008657407407407407,0.009675090252707581,0.011544062176529413,1.4074866310160428,1.3334317808183709
TX0611200,180.0,157.0,190.0,79052,80907.0,83367,0.0022769822395385317,0.0019404995859443558,0.0022790792519821993,1.0555555555555556,1.0009209612649823
TX0790000,4080.0,4213.0,4052.0,482965,507976.0,526388,0.008447817129605665,0.008293698914909366,0.007697743869541099,0.9931372549019608,0.9112109970472836
TX0790100,304.0,379.0,386.0,75747,76476.0,77682,0.004013360265093007,0.00495580312777865,0.004968976081975232,1.269736842105263,1.2381086555308483
TX0920500,1058.0,921.0,898.0,81783,81751.0,81846,0.012936673880879889,0.011265917236486404,0.010971825135009652,0.8487712665406427,0.8481179347981989
TX1011500,2003.0,2029.0,2009.0,153689,151421.0,149428,0.013032813018498396,0.01339972659010309,0.013444602082608347,1.0029955067398901,1.0315963302416347
TX1050100,827.0,868.0,1099.0,66279,67432.0,68961,0.012477556993919644,0.012872226835923596,0.015936543843621757,1.328899637243047,1.2772166740162108
TX1050700,364.0,389.0,458.0,49855,51306.0,54692,0.007301173402868318,0.007581959225041905,0.00837416806845608,1.2582417582417582,1.1469619479474669
TX1110000,384.0,398.0,316.0,49673,50579.0,51706,0.007730557848328066,0.007868878388263905,0.00611147642439949,0.8229166666666666,0.7905608552843642
TX1290000,551.0,529.0,504.0,74610,77723.0,79220,0.0073850690255997855,0.006806222096419335,0.006362029790456955,0.9147005444646098,0.8614719467622385
TX1520200,6446.0,6581.0,6657.0,259208,262146.0,265990,0.024868059627789266,0.025104331174231154,0.02502725666378435,1.0327334781259696,1.0064016669727294
TX1551200,2479.0,2347.0,2661.0,139870,140870.0,143089,0.017723600486165725,0.01666075104706467,0.01859681736541593,1.073416700282372,1.0492685941511601
TX1700100,826.0,791.0,939.0,90900,94451.0,99965,0.009086908690869087,0.00837471281405173,0.009393287650677738,1.1368038740920097,1.0337165223324531
TX1840000,475.0,309.0,540.0,90518,93307.0,95018,0.005247575067942288,0.0033116486437244795,0.005683133722031615,1.1368421052631579,1.0830018910544372
TX1880100,4564.0,4429.0,4656.0,201036,200296.0,200515,0.022702401559919615,0.022112273834724607,0.023220207964491434,1.0201577563540754,1.022808441794369
TX2120400,1304.0,1383.0,1534.0,106851,108139.0,109408,0.01220391011782763,0.012789095515956316,0.014020912547528517,1.1763803680981595,1.148886906914087
TX2200100,7398.0,7270.0,7561.0,402304,402700.0,402323,0.018389078905504296,0.01805314129625031,0.01879335757587809,1.0220329818869964,1.0219847156266637
TX2201200,9763.0,10949.0,11718.0,915237,929509.0,947862,0.010667182380082973,0.011779337263006598,0.012362559106705407,1.2002458260780497,1.1589338839643282
TX2202100,618.0,535.0,733.0,71816,71520.0,72881,0.008605324718725632,0.007480425055928412,0.010057490978444314,1.186084142394822,1.1687520584271147
TX2210100,2720.0,2630.0,2593.0,123665,124061.0,125088,0.021994905591719564,0.02119924875666003,0.02072940649782553,0.9533088235294118,0.9424639906447038
TX2260100,2045.0,2045.0,1976.0,101072,101860.0,102448,0.020233101155611843,0.02007657569212645,0.019287833827893175,0.9662591687041565,0.9532811445735055
TX2270100,17626.0,17751.0,17606.0,986062,1000276.0,1016721,0.01787514375363821,0.01774610207582707,0.01731645161258595,0.9988653126063769,0.968744746965263
TX2270900,244.0,299.0,339.0,66729,67559.0,68978,0.003656581096674609,0.00442576118651845,0.004914610455507553,1.389344262295082,1.3440452503506701
TX2350100,1091.0,1072.0,1187.0,67581,67407.0,67272,0.01614359065417795,0.015903392822703873,0.0176447853490308,1.087992667277727,1.0929901362720902
TX2400100,3292.0,3041.0,3134.0,264916,265515.0,266489,0.012426580500988993,0.011453213566088544,0.011760335323409222,0.9520048602673147,0.9463854776841668
TX2460000,973.0,932.0,885.0,134392,136412.0,133276,0.007240014286564677,0.006832243497639504,0.006640355352801705,0.9095580678314491,0.9171743438578898
TX2460200,421.0,413.0,457.0,78332,84210.0,90629,0.005374559566971353,0.004904405652535328,0.005042536053581083,1.0855106888361046,0.9382231214943312
TX2490000,165.0,230.0,211.0,52243,53948.0,53973,0.0031583178607660356,0.004263364721583747,0.003909362088451634,1.2787878787878788,1.2377988096180528
TXDPD0000,23715.0,25781.0,25724.0,1363295,1363028.0,1349185,0.017395354637110824,0.018914505057856478,0.019066325225969752,1.0847143158338604,1.0960584376528961
TXHPD0000,53969.0,60430.0,59512.0,2355606,2346155.0,2339252,0.02291087728592982,0.025757036512932863,0.025440610930331575,1.1027071096370138,1.1104162713994077
UT0030100,317.0,320.0,375.0,52029,51899.0,52015,0.006092755963020623,0.006165822077496676,0.007209458809958665,1.1829652996845426,1.1832836984963389
UT0060300,713.0,686.0,672.0,78585,79240.0,80230,0.009072978303747535,0.008657243816254417,0.008375919232207403,0.9424964936886395,0.923171967549816
UT0180000,2569.0,2517.0,2095.0,266241,263714.0,276502,0.009649152459613659,0.009544430709025687,0.0075767987211665735,0.8154924094978591,0.7852294543877422
UT0180300,4364.0,4927.0,5273.0,202426,202187.0,205929,0.021558495450189206,0.02436853012310386,0.02560591271749001,1.208295142071494,1.1877411750116023
UT0180600,973.0,1047.0,881.0,117644,117955.0,117862,0.008270715038591003,0.008876266372769276,0.007474843460996759,0.9054470709146968,0.9037723372307325
UT0181800,605.0,516.0,296.0,77645,80090.0,81919,0.007791873269366991,0.006442751904107879,0.003613325357975561,0.48925619834710743,0.4637299957355578
UT0182500,2241.0,1866.0,2018.0,137269,135887.0,134329,0.016325608841034758,0.013731997910028186,0.015022817113207125,0.9004908522980812,0.9201995012551668
UT0250000,202.0,182.0,192.0,62689,67426.0,80755,0.0032222558981639523,0.0026992554800818677,0.002377561760881679,0.9504950495049505,0.737856283306493
UT0250600,559.0,27.0,542.0,117189,117041.0,116642,0.004770072276408195,0.00023068839124751155,0.004646696730165807,0.9695885509838998,0.9741354975159227
UT0270100,669.0,492.0,712.0,89160,91673.0,94601,0.007503364737550471,0.005366901923139856,0.007526347501612034,1.0642750373692078,1.003062994385245
UT0290000,262.0,333.0,387.0,67702,69344.0,75470,0.003869900446072494,0.004802145823719428,0.005127865376970982,1.4770992366412214,1.3250638998156086
UT0290100,1386.0,1533.0,1586.0,87875,88309.0,87828,0.015772403982930297,0.01735949903180876,0.018058022498519833,1.1443001443001444,1.1449125014844377
VA0020300,776.0,755.0,728.0,109340,110426.0,111732,0.007097128223888787,0.0068371579157082574,0.0065155908781727705,0.9381443298969072,0.9180601889425396
VA0070100,956.0,1084.0,1301.0,239931,239931.0,243149,0.003984478871008748,0.004517965581771426,0.00535062862689133,1.360878661087866,1.3428678630529955
VA0080000,434.0,406.0,371.0,75251,75709.0,76742,0.00576736521773797,0.005362638523821474,0.004834380130827969,0.8548387096774194,0.838230274711833
VA0100000,496.0,409.0,366.0,72180,72784.0,73556,0.006871709614851759,0.0056193668938228185,0.004975800750448638,0.7379032258064516,0.7240993914664974
VA0160000,414.0,347.0,488.0,50161,50341.0,50755,0.00825342397480114,0.0068929898094992155,0.009614816274258694,1.178743961352657,1.1649487901765467
VA0210100,4135.0,3616.0,3867.0,350665,356705.0,362188,0.011791881140119488,0.010137228241824477,0.010676775597203663,0.9351874244256349,0.9054344654881311
VA0290100,6959.0,6716.0,6845.0,1111156,1112320.0,1114842,0.006262846980981968,0.00603783084004603,0.006139883499186431,0.9836183359678115,0.9803662005204768
VA0300000,393.0,404.0,409.0,60313,61099.0,61209,0.006516008157445327,0.006612219512594314,0.0066820238853763335,1.0407124681933841,1.0254781338389385
VA0330000,373.0,416.0,396.0,51130,51263.0,51391,0.007295130060629767,0.008115014727971442,0.007705629390360179,1.061662198391421,1.0562703236705522
VA0340000,734.0,678.0,781.0,85684,87021.0,88794,0.008566360113906914,0.007791222808287655,0.008795639345000788,1.064032697547684,1.026765070350201
VA0420000,806.0,809.0,762.0,99658,100642.0,101029,0.008087659796504044,0.008038393513642416,0.007542388819051955,0.9454094292803971,0.9325798820460046
VA0430100,2024.0,1795.0,1956.0,330210,333274.0,336138,0.0061294327851972984,0.005385958700648716,0.005819038609142673,0.9664031620553359,0.9493600489748034
VA0470100,684.0,647.0,738.0,77120,77513.0,78587,0.008869294605809128,0.008346986957026563,0.009390866173794648,1.0789473684210527,1.0588064317588353
VA0530000,1847.0,1677.0,1791.0,350915,359411.0,367598,0.005263382870495704,0.004665967374398669,0.0048721701423837995,0.9696805630752572,0.9256727588059617
VA0530100,493.0,450.0,490.0,55461,55070.0,55794,0.008889129298065308,0.008171418195024514,0.00878230634118364,0.9939148073022313,0.987982742369951
VA0710000,394.0,322.0,264.0,56422,56138.0,55636,0.00698309170181844,0.005735865189354804,0.004745129053131066,0.6700507614213198,0.6795169325780737
VA0750300,3516.0,3103.0,3529.0,465007,468281.0,472890,0.007561176498418303,0.0066263632306243474,0.0074626234430840155,1.003697383390216,0.9869659099539729
VA0800300,851.0,804.0,795.0,85634,86192.0,86464,0.009937641590956862,0.009328011880452942,0.009194578090303478,0.9341950646298472,0.9252273797709144
VA0820000,150.0,138.0,175.0,61177,62154.0,62436,0.0024519018585416087,0.0022202915339318468,0.002802870139022359,1.1666666666666667,1.1431412432998058
VA0880000,724.0,632.0,610.0,134938,137659.0,139928,0.005365427085031644,0.004591054707647157,0.004359384826482191,0.8425414364640884,0.8124954001600192
VA0890000,1595.0,1327.0,1361.0,151811,155557.0,159532,0.010506485037316136,0.008530635072674325,0.008531203771030263,0.8532915360501567,0.8119940913378529
VA0980000,480.0,295.0,563.0,67786,68574.0,69526,0.007081108193432272,0.004301922011257911,0.00809769007277853,1.1729166666666666,1.1435625401528446
VA0990000,1535.0,1646.0,1732.0,162258,161525.0,160457,0.009460242330116235,0.010190373007274416,0.010794169154352879,1.1283387622149836,1.1410034518872894
VA1030000,3535.0,3422.0,3541.0,243726,247118.0,249188,0.014503992187948763,0.013847635542534336,0.014210154582082603,1.0016973125884017,0.9797409153246576
VA1110000,1837.0,1819.0,2031.0,133173,134082.0,135107,0.01379408739008658,0.013566325084649692,0.015032529772698675,1.105606967882417,1.0897806681652698
VA1120000,452.0,400.0,386.0,54387,53442.0,53582,0.008310809568463052,0.007484749822237192,0.007203911761412414,0.8539823008849557,0.8668122764777367
VA1140000,1429.0,1574.0,1423.0,82512,82871.0,82088,0.017318693038588327,0.018993375245864055,0.01733505506285937,0.9958012596221134,1.0009447609143822
VA1160000,3507.0,3631.0,3265.0,177319,178896.0,178662,0.019777914380297655,0.02029670870226277,0.01827473105640819,0.9309951525520388,0.923996873735741
VA1170000,3958.0,3896.0,4266.0,242813,242516.0,242488,0.01630060993439396,0.016064919427996503,0.01759262314011415,1.0778170793329964,1.0792616479334354
VA1200000,2304.0,2216.0,1963.0,93991,94205.0,94943,0.02451298528582524,0.023523167560108273,0.02067556323267645,0.8519965277777778,0.8434534999142761
VA1220000,3733.0,3045.0,2769.0,230721,233350.0,234928,0.016179714893746127,0.013049067923719734,0.011786589933937205,0.7417626573801233,0.7284794578483594
VA1230000,3121.0,2921.0,2642.0,99752,99335.0,99175,0.03128759323121341,0.029405546886797203,0.02663977816990169,0.8465235501441846,0.8514486228785751
VA1270000,1435.0,1409.0,1589.0,91486,92881.0,94755,0.015685460070393283,0.015169948643963782,0.016769563611418924,1.1073170731707318,1.0691151892364263
VA1280000,4505.0,4004.0,4116.0,449038,450858.0,451938,0.010032558491708941,0.008880844966707921,0.009107443941425594,0.9136514983351831,0.9077887708257194
WA0030100,970.0,742.0,886.0,84072,85526.0,85595,0.011537729565134646,0.008675724341136028,0.010351071908405864,0.9134020618556701,0.8971498118386576
WA0030200,495.0,586.0,544.0,58514,59370.0,60615,0.00845951396247052,0.009870304867778339,0.0089746762352553,1.098989898989899,1.060897384302482
WA0060000,675.0,974.0,904.0,228045,231163.0,231393,0.0029599421166874957,0.004213477070292391,0.003906773325035762,1.3392592592592591,1.319881663567082
WA0060300,2847.0,3153.0,3891.0,185034,186440.0,188160,0.015386361425467752,0.016911606951298005,0.02067920918367347,1.3667017913593256,1.343996063256704
WA0110200,656.0,552.0,602.0,76412,76970.0,78680,0.008585038999110088,0.007171625308561778,0.0076512455516014235,0.9176829268292683,0.891230144952695
WA0150000,142.0,165.0,234.0,60209,60732.0,61188,0.0023584513943098206,0.002716854376605414,0.003824279270445185,1.647887323943662,1.6215213422129167
WA0170000,1451.0,1242.0,1311.0,242462,241987.0,231851,0.005984442923014741,0.005132507118150975,0.005654493618746523,0.9035148173673329,0.9448654939962229
WA0170100,863.0,993.0,1017.0,83468,82779.0,82158,0.010339291704605357,0.011995796035226325,0.012378587599503397,1.1784472769409038,1.1972374852321548
WA0170200,665.0,752.0,682.0,150200,150548.0,150208,0.004427430093209055,0.004995084624173021,0.004540370685982105,1.025563909774436,1.0255092887737025
WA0170700,1688.0,1564.0,1598.0,131003,133883.0,131899,0.012885201102264834,0.011681841607971139,0.012115330669679073,0.9466824644549763,0.9402515780331561
WA0170800,390.0,426.0,384.0,90708,94470.0,97027,0.004299510517264188,0.00450936805335027,0.003957661269543529,0.9846153846153847,0.9204911241993704
WA0171200,225.0,190.0,167.0,69501,74154.0,74583,0.0032373634911727887,0.002562235348059444,0.0022391161524744243,0.7422222222222222,0.6916480520583332
WA0171300,686.0,686.0,697.0,103452,102856.0,102458,0.006631094613927232,0.0066695185502061135,0.006802787483651838,1.0160349854227406,1.0258920856541545
WA0173600,896.0,779.0,887.0,98025,97071.0,97017,0.009140525376179546,0.008025053826580544,0.009142727563210572,0.9899553571428571,1.000240925651469
WA0174100,411.0,489.0,583.0,52388,51879.0,51584,0.00784530808582118,0.009425779217024229,0.011301954094292804,1.4184914841849148,1.4406004162817796
WA0174300,292.0,258.0,302.0,57216,57472.0,58725,0.005103467561521253,0.004489142538975501,0.0051426138782460626,1.0342465753424657,1.0076705330744067
WA0175000,91.0,59.0,86.0,66820,66878.0,66855,0.0013618677042801556,0.0008822034151738988,0.0012863660160047864,0.945054945054945,0.9445601888949432
WA0180000,1570.0,1356.0,1483.0,178622,179202.0,178144,0.008789510810538456,0.007566879833930425,0.008324726064307527,0.9445859872611465,0.9471205216934644
WA0230000,242.0,212.0,212.0,55469,56506.0,57443,0.004362797238096955,0.003751813966658408,0.0036906150444788745,0.8760330578512396,0.8459286194305731
WA0270000,2546.0,2253.0,2325.0,420878,429803.0,429625,0.006049258930141276,0.0052419364220352115,0.005411696246726797,0.9131971720345641,0.894604828330668
WA0270300,3551.0,3292.0,3992.0,218650,220123.0,222235,0.016240567116396067,0.014955275005337925,0.01796296712939006,1.1241903689101662,1.106055410543829
WA0272300,1180.0,981.0,1083.0,60916,61432.0,61325,0.01937093702803861,0.015968876155749448,0.017660008153281694,0.9177966101694915,0.9116754717502608
WA0290000,435.0,326.0,354.0,54073,54455.0,54563,0.008044680339540991,0.005986594435772656,0.006487913054634093,0.8137931034482758,0.8064848795476536
WA0310000,1850.0,1568.0,1331.0,363744,367029.0,366220,0.005085994545614498,0.0042721419833310174,0.0036344273933701056,0.7194594594594594,0.7145952204183869
WA0310300,1046.0,999.0,1050.0,112302,112439.0,113469,0.009314170718241883,0.008884817545513568,0.009253628744414774,1.0038240917782026,0.9935000145843863
WA0310500,513.0,470.0,530.0,71081,71522.0,72620,0.007217118498614257,0.006571404602779564,0.007298264940787662,1.0331384015594542,1.0112436067370911
WA0320000,921.0,958.0,951.0,163755,166963.0,167512,0.005624255747916094,0.005737798194809628,0.005677205215148765,1.0325732899022801,1.0094144842635027
WA0320400,5596.0,5169.0,5211.0,220432,223524.0,223344,0.02538651375480874,0.023125033553443926,0.023331721470019343,0.9312008577555396,0.9190596903286818
WA0321500,1205.0,1284.0,1036.0,100983,102366.0,104276,0.011932701543824208,0.012543227243420668,0.009935172043423222,0.8597510373443984,0.8326003970630765
WA0340000,689.0,678.0,658.0,148994,150486.0,149990,0.004624347289152583,0.004505402495913241,0.004386959130608707,0.9550072568940493,0.9486655859302087
WA0340100,732.0,711.0,688.0,53286,53571.0,54322,0.013737191757684945,0.013272106176849414,0.012665218511836825,0.9398907103825137,0.9219656197018266
WA0340400,407.0,357.0,417.0,51816,53826.0,55484,0.007854716689825536,0.006632482443428826,0.007515680196092567,1.0245700245700247,0.9568365725816522
WA0370000,421.0,398.0,337.0,94578,95364.0,93353,0.004451352322950369,0.004173482655928862,0.0036099536169164354,0.8004750593824228,0.8109790811893649
WA0370100,804.0,718.0,931.0,91906,93629.0,95279,0.008748068678867538,0.007668564226895513,0.009771303225264748,1.157960199004975,1.116966908235301
WA0390000,560.0,544.0,463.0,86304,85950.0,84839,0.006488691138301817,0.006329261198371146,0.005457395773170358,0.8267857142857142,0.8410626514423117
WA0390500,1697.0,1443.0,1413.0,94168,93862.0,94594,0.018020983773681082,0.01537363363235388,0.014937522464426919,0.8326458456098998,0.8288960609488238
WASPD0000,10245.0,10078.0,10768.0,763706,771517.0,787749,0.013414848122183144,0.01306257671574314,0.013669328682105594,1.0510492923377257,1.0189700664222678
WI0050000,165.0,165.0,232.0,98660,99529.0,102245,0.0016724102979931077,0.0016578082769845973,0.0022690596117169544,1.406060606060606,1.3567601290423923
WI0050200,1082.0,950.0,948.0,104992,104649.0,103826,0.010305547089302041,0.009077965389062486,0.009130660913451352,0.8761552680221811,0.8859947787662518
WI0130000,371.0,420.0,384.0,85360,85703.0,91436,0.004346298031865042,0.004900645251624797,0.00419965877772431,1.0350404312668464,0.9662611139260029
WI0130100,1642.0,1640.0,1612.0,261270,262736.0,266199,0.006284686339801737,0.006242007185920467,0.006055620043651554,0.9817295980511571,0.9635516740589778
WI0180100,765.0,788.0,640.0,69195,69086.0,69372,0.011055712117927595,0.01140607358943925,0.009225624171135328,0.8366013071895425,0.83446675100877
WI0320100,497.0,612.0,630.0,51591,51211.0,51143,0.0096334632009459,0.011950557497412665,0.01231840134524764,1.267605633802817,1.2787095448745895
WI0370000,102.0,112.0,123.0,54214,54449.0,55463,0.001881432840225772,0.002056970743264339,0.0022176946793357735,1.2058823529411764,1.178726464171663
WI0411600,748.0,729.0,641.0,59302,59778.0,60176,0.012613402583386732,0.012195121951219513,0.010652087210848179,0.856951871657754,0.8445054489006935
WI0450000,112.0,116.0,109.0,49376,49475.0,51594,0.002268308489954634,0.002344618494188984,0.0021126487576074737,0.9732142857142857,0.9313762951395234
WI0450100,764.0,743.0,785.0,74757,74255.0,74204,0.010219778749816071,0.010006060197966467,0.010578944531292114,1.0274869109947644,1.035144183672519
WI0520200,631.0,804.0,696.0,77269,76573.0,76018,0.008166276255678215,0.010499784519347551,0.009155726275355837,1.1030110935023771,1.121162937512631
WI0540200,501.0,412.0,472.0,64687,64682.0,64768,0.007744987400868799,0.0063696236974737945,0.007287549407114625,0.9421157684630739,0.940937541912223
WI0560000,89.0,113.0,89.0,55021,55533.0,56967,0.0016175642027589465,0.0020348261394126017,0.0015623080028788598,1.0,0.9658398722067163
WI0710300,453.0,466.0,653.0,66797,67080.0,66513,0.006781741694986302,0.006946929039952296,0.009817629636311699,1.4415011037527594,1.447656085688107
WIMPD0000,11805.0,13354.0,13096.0,590923,589105.0,593337,0.01997722207461886,0.022668284940715152,0.022071773713757948,1.1093604404913173,1.1048469918047428
WV0020000,310.0,371.0,352.0,100753,103352.0,106788,0.00307683145911288,0.003589674123384163,0.003296250515039143,1.135483870967742,1.071313316586254
WV0200000,1200.0,1266.0,1207.0,87814,87505.0,87321,0.013665246999339513,0.01446774470030284,0.013822562728324229,1.0058333333333334,1.01151210285422
WV0310000,129.0,10.0,155.0,66570,65877.0,67092,0.0019378098242451554,0.0001517980478771043,0.0023102605377690335,1.2015503875968991,1.1922018914673223
WV0410000,178.0,404.0,440.0,54670,54334.0,54289,0.003255899030546918,0.007435491589060257,0.008104772605868593,2.4719101123595504,2.489257968330539
